user_id,apk,start_time,fg_time_ms,last_used
16184,com.samsung.android.lool,2020-06-09T12:33:27Z,86399999,2020-06-10T12:33:27Z
16184,com.samsung.android.lool,2020-06-09T12:33:29Z,86399999,2020-06-10T12:33:29Z
16184,com.samsung.android.lool,2020-06-10T12:33:38Z,86399999,2020-06-11T12:33:38Z
16184,com.samsung.android.lool,2020-06-11T12:33:42Z,86399999,2020-06-12T12:33:42Z
16184,com.samsung.android.lool,2020-06-11T12:33:40Z,86399999,2020-06-12T12:33:40Z
16184,com.samsung.android.lool,2020-06-12T12:36:05Z,37746869,2020-06-12T23:05:12Z
16184,com.samsung.android.lool,2020-06-12T12:36:07Z,37746869,2020-06-12T23:05:14Z
16185,com.android.systemui,2020-06-01T17:11:37Z,29609829,2020-06-02T17:11:37Z
16185,com.android.systemui,2020-06-02T17:11:41Z,86399999,2020-06-03T17:11:41Z
16185,com.android.systemui,2020-06-03T17:13:21Z,31116238,2020-06-04T17:13:21Z
16213,com.android.systemui,2020-05-30T13:39:15Z,52953775,2020-05-31T13:39:15Z
16213,com.android.systemui,2020-05-31T13:42:31Z,86399999,2020-06-01T13:42:31Z
16213,com.android.systemui,2020-05-31T13:42:23Z,86399999,2020-06-01T13:42:23Z
16213,com.android.systemui,2020-06-01T13:43:39Z,28553209,2020-06-01T21:40:33Z
16213,com.android.systemui,2020-06-01T13:43:39Z,28553209,2020-06-01T21:51:15Z
16213,com.android.systemui,2020-06-01T13:43:39Z,28555504,2020-06-01T21:51:18Z
16213,com.android.systemui,2020-06-01T13:43:39Z,28556347,2020-06-01T22:27:13Z
16213,com.android.systemui,2020-06-01T13:43:39Z,83541893,2020-06-02T13:43:39Z
16213,com.android.systemui,2020-06-10T14:24:09Z,86399999,2020-06-11T14:24:09Z
16213,com.android.systemui,2020-06-10T14:23:55Z,86399999,2020-06-11T14:23:55Z
16213,com.android.systemui,2020-06-13T14:32:16Z,18841961,2020-06-13T19:46:18Z
16213,com.android.systemui,2020-06-13T14:32:16Z,18842829,2020-06-14T13:53:35Z
16213,com.android.systemui,2020-06-16T14:46:14Z,18920937,2020-06-16T20:01:35Z
16213,com.android.systemui,2020-06-19T15:01:23Z,86399999,2020-06-20T15:01:23Z
16213,com.android.systemui,2020-06-21T15:05:00Z,86399999,2020-06-22T15:05:00Z
16372,com.kiloo.subwaysurf,2020-06-01T15:23:24Z,85349579,2020-06-02T15:23:24Z
16372,com.kiloo.subwaysurf,2020-06-02T15:24:24Z,86399999,2020-06-03T15:24:24Z
16372,com.kiloo.subwaysurf,2020-06-03T15:24:36Z,86399999,2020-06-04T15:24:36Z
16372,com.kiloo.subwaysurf,2020-06-04T15:24:46Z,84295833,2020-06-05T15:24:46Z
16372,com.kiloo.subwaysurf,2020-06-05T15:25:57Z,86399999,2020-06-06T15:25:57Z
16372,com.kiloo.subwaysurf,2020-06-06T15:26:02Z,86399999,2020-06-07T15:26:02Z
16372,com.kiloo.subwaysurf,2020-06-06T15:25:51Z,86399999,2020-06-07T15:25:51Z
17392,com.snapchat.android,2020-05-31T11:48:45Z,15930048,2020-05-31T22:02:35Z
17392,com.snapchat.android,2020-05-31T11:48:45Z,16001656,2020-05-31T22:06:53Z
17392,com.snapchat.android,2020-05-31T11:48:45Z,16067757,2020-05-31T22:10:03Z
17392,com.snapchat.android,2020-05-31T11:48:45Z,16136853,2020-05-31T22:17:09Z
17392,com.snapchat.android,2020-05-31T11:48:45Z,16272554,2020-05-31T22:20:15Z
17392,com.snapchat.android,2020-05-31T11:48:45Z,16343291,2020-05-31T22:27:39Z
17392,com.snapchat.android,2020-05-31T11:48:45Z,16445557,2020-05-31T22:32:38Z
17392,com.snapchat.android,2020-05-31T11:48:45Z,16571041,2020-05-31T22:36:50Z
17392,com.snapchat.android,2020-05-31T11:48:45Z,16689145,2020-05-31T22:42:38Z
17392,com.snapchat.android,2020-05-31T11:48:45Z,16823418,2020-05-31T22:47:16Z
17392,com.snapchat.android,2020-05-31T11:48:45Z,16875228,2020-05-31T22:50:49Z
17392,com.snapchat.android,2020-05-31T11:48:45Z,16936544,2020-05-31T23:02:37Z
17392,com.snapchat.android,2020-05-31T11:48:45Z,17005101,2020-05-31T23:07:37Z
17392,com.snapchat.android,2020-05-31T11:48:45Z,17215755,2020-05-31T23:12:39Z
17392,com.snapchat.android,2020-05-31T11:48:45Z,17256291,2020-05-31T23:16:02Z
17392,com.snapchat.android,2020-05-31T11:48:45Z,17342535,2020-06-01T05:07:12Z
17392,com.snapchat.android,2020-05-31T11:48:42Z,17342535,2020-06-01T05:07:08Z
17392,com.snapchat.android,2020-05-31T11:48:42Z,17342535,2020-06-01T05:36:57Z
17392,com.snapchat.android,2020-05-31T11:48:42Z,17633265,2020-06-01T05:41:48Z
17392,com.snapchat.android,2020-05-31T11:48:42Z,17680876,2020-06-01T05:47:25Z
17392,com.snapchat.android,2020-05-31T11:48:42Z,17867531,2020-06-01T05:52:24Z
17392,com.snapchat.android,2020-05-31T11:48:42Z,17976724,2020-06-01T05:56:52Z
17392,com.snapchat.android,2020-05-31T11:48:42Z,17981375,2020-06-01T05:58:15Z
17392,com.snapchat.android,2020-05-31T11:48:42Z,18008841,2020-06-01T06:15:56Z
17392,com.snapchat.android,2020-05-31T11:48:42Z,18015525,2020-06-01T06:23:40Z
17392,com.snapchat.android,2020-05-31T11:48:42Z,18050763,2020-06-01T07:17:37Z
17392,com.snapchat.android,2020-05-31T11:48:42Z,18072965,2020-06-01T07:17:59Z
17392,com.snapchat.android,2020-05-31T11:48:42Z,18089181,2020-06-01T07:39:59Z
17392,com.snapchat.android,2020-05-31T11:48:42Z,18127958,2020-06-01T07:47:02Z
17392,com.snapchat.android,2020-05-31T11:48:42Z,18188654,2020-06-01T07:57:53Z
17392,com.snapchat.android,2020-05-31T11:48:42Z,18245351,2020-06-01T08:02:00Z
17392,com.snapchat.android,2020-05-31T11:48:42Z,18272191,2020-06-01T08:07:49Z
17392,com.snapchat.android,2020-05-31T11:48:42Z,18518546,2020-06-01T08:12:17Z
17392,com.snapchat.android,2020-05-31T11:48:42Z,18518546,2020-06-01T08:13:08Z
17392,com.snapchat.android,2020-05-31T11:48:42Z,19073265,2020-06-01T08:22:22Z
17392,com.snapchat.android,2020-05-31T11:48:42Z,19207197,2020-06-01T08:26:17Z
17392,com.snapchat.android,2020-05-31T11:48:42Z,19210604,2020-06-01T08:28:36Z
17392,com.snapchat.android,2020-05-31T11:48:42Z,19266960,2020-06-01T08:54:10Z
17392,com.snapchat.android,2020-05-31T11:48:42Z,19378219,2020-06-01T09:01:37Z
17392,com.snapchat.android,2020-05-31T11:48:42Z,19452266,2020-06-01T09:07:18Z
17392,com.snapchat.android,2020-05-31T11:48:42Z,19478234,2020-06-01T09:16:11Z
17392,com.snapchat.android,2020-05-31T11:48:42Z,19515716,2020-06-01T09:25:42Z
17392,com.snapchat.android,2020-05-31T11:48:42Z,19515716,2020-06-01T09:36:03Z
17392,com.snapchat.android,2020-05-31T11:48:42Z,19654180,2020-06-01T09:40:50Z
17392,com.snapchat.android,2020-05-31T11:48:42Z,19982183,2020-06-01T09:47:50Z
17392,com.snapchat.android,2020-05-31T11:48:42Z,20035090,2020-06-01T09:52:32Z
17392,com.snapchat.android,2020-05-31T11:48:42Z,20092071,2020-06-01T09:57:33Z
17392,com.snapchat.android,2020-05-31T11:48:42Z,20145757,2020-06-01T10:00:51Z
17392,com.snapchat.android,2020-05-31T11:48:42Z,20355765,2020-06-01T10:05:21Z
17392,com.snapchat.android,2020-05-31T11:48:42Z,20627724,2020-06-01T10:10:40Z
17392,com.snapchat.android,2020-05-31T11:48:42Z,20643329,2020-06-01T10:13:42Z
17392,com.snapchat.android,2020-05-31T11:48:42Z,20702171,2020-06-01T10:27:51Z
17392,com.snapchat.android,2020-05-31T11:48:42Z,20759639,2020-06-01T10:29:31Z
17392,com.snapchat.android,2020-05-31T11:48:42Z,20822043,2020-06-01T10:36:03Z
17392,com.snapchat.android,2020-05-31T11:48:42Z,20845883,2020-06-01T10:42:36Z
17392,com.snapchat.android,2020-05-31T11:48:42Z,21063041,2020-06-01T10:47:36Z
17392,com.snapchat.android,2020-05-31T11:48:42Z,21111280,2020-06-01T10:52:42Z
17392,com.snapchat.android,2020-05-31T11:48:42Z,21113712,2020-06-01T10:57:22Z
17392,com.snapchat.android,2020-05-31T11:48:42Z,21131631,2020-06-01T11:01:00Z
17392,com.snapchat.android,2020-05-31T11:48:42Z,21144368,2020-06-01T11:07:27Z
17392,com.snapchat.android,2020-05-31T11:48:42Z,21287356,2020-06-01T11:12:48Z
17392,com.snapchat.android,2020-05-31T11:48:42Z,21457329,2020-06-01T11:17:40Z
17392,com.snapchat.android,2020-05-31T11:48:42Z,21510894,2020-06-01T11:19:34Z
17392,com.snapchat.android,2020-05-31T11:48:42Z,21945491,2020-06-01T11:27:06Z
17392,com.snapchat.android,2020-05-31T11:48:42Z,21945491,2020-06-01T11:32:51Z
17392,com.snapchat.android,2020-05-31T11:48:42Z,21992331,2020-06-01T11:33:37Z
17392,com.snapchat.android,2020-05-31T11:48:42Z,21998219,2020-06-01T11:40:37Z
17392,com.snapchat.android,2020-06-01T11:49:09Z,14446985,2020-06-01T19:15:14Z
17392,com.snapchat.android,2020-06-01T11:49:09Z,14526058,2020-06-01T19:19:19Z
17392,com.snapchat.android,2020-06-01T11:49:09Z,14810424,2020-06-01T19:24:53Z
17392,com.snapchat.android,2020-06-01T11:49:09Z,15010007,2020-06-01T19:29:51Z
17392,com.snapchat.android,2020-06-01T11:49:09Z,15829467,2020-06-01T19:43:39Z
17392,com.snapchat.android,2020-06-01T11:49:09Z,16078968,2020-06-01T19:47:51Z
17392,com.snapchat.android,2020-06-01T11:49:09Z,16429986,2020-06-01T19:53:54Z
17392,com.snapchat.android,2020-06-01T11:49:09Z,17043209,2020-06-01T20:05:17Z
17392,com.snapchat.android,2020-06-01T11:49:09Z,17087202,2020-06-01T20:06:39Z
17392,com.snapchat.android,2020-06-01T11:49:09Z,18047981,2020-06-01T20:24:08Z
17392,com.snapchat.android,2020-06-01T11:49:09Z,18383655,2020-06-01T20:29:45Z
17392,com.snapchat.android,2020-06-01T11:49:09Z,18449157,2020-06-01T20:33:26Z
17392,com.snapchat.android,2020-06-01T11:49:09Z,18710218,2020-06-01T20:39:09Z
17392,com.snapchat.android,2020-06-01T11:49:09Z,19342413,2020-06-01T20:49:48Z
17392,com.snapchat.android,2020-06-01T11:49:09Z,19459603,2020-06-01T20:53:12Z
17392,com.snapchat.android,2020-06-01T11:49:09Z,19787728,2020-06-01T20:58:56Z
17392,com.snapchat.android,2020-06-01T11:49:09Z,20042674,2020-06-01T21:04:40Z
17392,com.snapchat.android,2020-06-01T11:49:09Z,20117965,2020-06-01T21:06:49Z
17392,com.snapchat.android,2020-06-01T11:49:09Z,20465911,2020-06-01T21:12:49Z
17392,com.snapchat.android,2020-06-01T11:49:09Z,21503843,2020-06-01T21:30:11Z
17392,com.snapchat.android,2020-06-01T11:49:09Z,22177856,2020-06-01T21:42:38Z
17392,com.snapchat.android,2020-06-01T11:49:09Z,22434885,2020-06-01T21:46:55Z
17392,com.snapchat.android,2020-06-01T11:49:09Z,23798743,2020-06-01T22:10:18Z
17392,com.snapchat.android,2020-06-01T11:49:09Z,23896025,2020-06-01T22:12:07Z
17392,com.snapchat.android,2020-06-01T11:49:09Z,23896025,2020-06-01T22:19:26Z
17392,com.snapchat.android,2020-06-01T11:49:09Z,24210030,2020-06-01T22:24:45Z
17392,com.snapchat.android,2020-06-01T11:49:09Z,24304388,2020-06-01T22:30:17Z
17392,com.snapchat.android,2020-06-01T11:49:09Z,24309737,2020-06-01T22:32:57Z
17392,com.snapchat.android,2020-06-01T11:49:09Z,24576858,2020-06-01T22:38:30Z
17392,com.snapchat.android,2020-06-01T11:49:09Z,24611546,2020-06-02T02:33:45Z
17392,com.snapchat.android,2020-06-01T11:49:09Z,24660858,2020-06-02T06:50:06Z
17392,com.snapchat.android,2020-06-01T11:49:09Z,24728131,2020-06-02T06:55:06Z
17392,com.snapchat.android,2020-06-01T11:49:09Z,24742786,2020-06-02T07:05:12Z
17392,com.snapchat.android,2020-06-01T11:49:09Z,24753443,2020-06-02T07:09:27Z
17392,com.snapchat.android,2020-06-01T11:49:09Z,24764568,2020-06-02T07:19:28Z
17392,com.snapchat.android,2020-06-01T11:49:09Z,24777474,2020-06-02T07:34:35Z
17392,com.snapchat.android,2020-06-01T11:49:09Z,25306775,2020-06-02T07:45:23Z
17392,com.snapchat.android,2020-06-01T11:49:09Z,25524263,2020-06-02T07:50:22Z
17392,com.snapchat.android,2020-06-01T11:49:09Z,25593149,2020-06-02T07:55:01Z
17392,com.snapchat.android,2020-06-01T11:49:09Z,25596002,2020-06-02T07:58:19Z
17392,com.snapchat.android,2020-06-01T11:49:09Z,25732371,2020-06-02T08:05:16Z
17392,com.snapchat.android,2020-06-01T11:49:09Z,25968634,2020-06-02T08:09:31Z
17392,com.snapchat.android,2020-06-01T11:49:09Z,26154746,2020-06-02T08:15:15Z
17392,com.snapchat.android,2020-06-01T11:49:09Z,26335208,2020-06-02T08:20:14Z
17392,com.snapchat.android,2020-06-01T11:49:09Z,26539546,2020-06-02T08:24:44Z
17392,com.snapchat.android,2020-06-01T11:49:09Z,26632192,2020-06-02T08:29:42Z
17392,com.snapchat.android,2020-06-01T11:49:09Z,26700172,2020-06-02T08:32:27Z
17392,com.snapchat.android,2020-06-01T11:49:09Z,27104718,2020-06-02T08:39:56Z
17392,com.snapchat.android,2020-06-01T11:49:09Z,27245065,2020-06-02T08:45:17Z
17392,com.snapchat.android,2020-06-01T11:49:09Z,27349818,2020-06-02T08:47:50Z
17392,com.snapchat.android,2020-06-01T11:49:09Z,27574640,2020-06-02T08:52:17Z
17392,com.snapchat.android,2020-06-01T11:49:09Z,27911957,2020-06-02T08:59:17Z
17392,com.snapchat.android,2020-06-01T11:49:09Z,28112407,2020-06-02T09:02:47Z
17392,com.snapchat.android,2020-06-01T11:49:09Z,28398036,2020-06-02T09:07:33Z
17392,com.snapchat.android,2020-06-01T11:49:09Z,28593297,2020-06-02T09:14:41Z
17392,com.snapchat.android,2020-06-01T11:49:09Z,28630882,2020-06-02T09:17:37Z
17392,com.snapchat.android,2020-06-01T11:49:09Z,28961193,2020-06-02T09:23:57Z
17392,com.snapchat.android,2020-06-01T11:49:09Z,29292479,2020-06-02T09:29:56Z
17392,com.snapchat.android,2020-06-01T11:49:09Z,29389941,2020-06-02T09:34:34Z
17392,com.snapchat.android,2020-06-01T11:49:09Z,29446576,2020-06-02T09:36:57Z
17392,com.snapchat.android,2020-06-01T11:49:09Z,29948678,2020-06-02T09:45:19Z
17392,com.snapchat.android,2020-06-01T11:49:09Z,30178811,2020-06-02T09:49:57Z
17392,com.snapchat.android,2020-06-01T11:49:09Z,30472913,2020-06-02T09:55:23Z
17392,com.snapchat.android,2020-06-01T11:49:09Z,30652829,2020-06-02T09:59:30Z
17392,com.snapchat.android,2020-06-01T11:49:09Z,30805998,2020-06-02T10:03:57Z
17392,com.snapchat.android,2020-06-01T11:49:09Z,31189578,2020-06-02T10:10:21Z
17392,com.snapchat.android,2020-06-01T11:49:07Z,31333738,2020-06-02T10:12:59Z
17392,com.snapchat.android,2020-06-01T11:49:07Z,31406716,2020-06-02T10:25:16Z
17392,com.snapchat.android,2020-06-01T11:49:07Z,31439743,2020-06-02T10:28:02Z
17392,com.snapchat.android,2020-06-01T11:49:07Z,31734997,2020-06-02T10:34:43Z
17392,com.snapchat.android,2020-06-01T11:49:07Z,32026643,2020-06-02T10:39:58Z
17392,com.snapchat.android,2020-06-01T11:49:07Z,32026643,2020-06-02T10:41:37Z
17392,com.snapchat.android,2020-06-01T11:49:07Z,32406041,2020-06-02T10:49:58Z
17392,com.snapchat.android,2020-06-01T11:49:07Z,32491297,2020-06-02T10:52:54Z
17392,com.snapchat.android,2020-06-01T11:49:07Z,32670021,2020-06-02T10:56:36Z
17392,com.snapchat.android,2020-06-01T11:49:07Z,32814521,2020-06-02T11:04:50Z
17392,com.snapchat.android,2020-06-01T11:49:07Z,32814521,2020-06-02T11:06:37Z
17392,com.snapchat.android,2020-06-01T11:49:07Z,33193371,2020-06-02T11:12:56Z
17392,com.snapchat.android,2020-06-01T11:49:07Z,33442296,2020-06-02T11:18:31Z
17392,com.snapchat.android,2020-06-01T11:49:07Z,33664118,2020-06-02T11:23:26Z
17392,com.snapchat.android,2020-06-01T11:49:07Z,33690195,2020-06-02T11:27:05Z
17392,com.snapchat.android,2020-06-01T11:49:07Z,33716477,2020-06-02T11:33:52Z
17392,com.snapchat.android,2020-06-01T11:49:07Z,33911501,2020-06-02T11:39:34Z
17392,com.snapchat.android,2020-06-01T11:49:07Z,34182717,2020-06-02T11:44:05Z
17392,com.snapchat.android,2020-06-02T11:49:25Z,14584829,2020-06-03T07:05:14Z
17392,com.snapchat.android,2020-06-02T11:49:25Z,14797989,2020-06-03T07:10:17Z
17392,com.snapchat.android,2020-06-02T11:49:25Z,15045077,2020-06-03T07:15:11Z
17392,com.snapchat.android,2020-06-02T11:49:25Z,15279741,2020-06-03T07:20:12Z
17392,com.snapchat.android,2020-06-02T11:49:25Z,15406647,2020-06-03T07:24:48Z
17392,com.snapchat.android,2020-06-02T11:49:25Z,15582397,2020-06-03T07:29:35Z
17392,com.snapchat.android,2020-06-02T11:49:25Z,15849509,2020-06-03T07:35:09Z
17392,com.snapchat.android,2020-06-02T11:49:25Z,16004975,2020-06-03T07:40:05Z
17392,com.snapchat.android,2020-06-02T11:49:25Z,16059397,2020-06-03T07:45:15Z
17392,com.snapchat.android,2020-06-02T11:49:25Z,16147136,2020-06-03T07:50:12Z
17392,com.snapchat.android,2020-06-02T11:49:25Z,16321187,2020-06-03T07:54:38Z
17392,com.snapchat.android,2020-06-02T11:49:25Z,16553927,2020-06-03T08:00:13Z
17392,com.snapchat.android,2020-06-02T11:49:25Z,16612909,2020-06-03T08:05:12Z
17392,com.snapchat.android,2020-06-02T11:49:25Z,16878226,2020-06-03T08:09:44Z
17392,com.snapchat.android,2020-06-02T11:49:25Z,16911671,2020-06-03T08:11:10Z
17392,com.snapchat.android,2020-06-02T11:49:25Z,17382813,2020-06-03T08:20:15Z
17392,com.snapchat.android,2020-06-02T11:49:25Z,17600559,2020-06-03T08:24:48Z
17392,com.snapchat.android,2020-06-02T11:49:25Z,17878372,2020-06-03T08:29:48Z
17392,com.snapchat.android,2020-06-02T11:49:25Z,18100242,2020-06-03T08:34:19Z
17392,com.snapchat.android,2020-06-02T11:49:25Z,18422594,2020-06-03T08:39:42Z
17392,com.snapchat.android,2020-06-02T11:49:25Z,18523657,2020-06-03T08:44:47Z
17392,com.snapchat.android,2020-06-02T11:49:25Z,18647979,2020-06-03T08:50:02Z
17392,com.snapchat.android,2020-06-02T11:49:25Z,18880902,2020-06-03T08:54:51Z
17392,com.snapchat.android,2020-06-02T11:49:25Z,19463913,2020-06-03T09:05:09Z
17392,com.snapchat.android,2020-06-02T11:49:25Z,19885597,2020-06-03T09:12:49Z
17392,com.snapchat.android,2020-06-02T11:49:25Z,20145794,2020-06-03T09:17:23Z
17392,com.snapchat.android,2020-06-02T11:49:25Z,20753732,2020-06-03T09:28:06Z
17392,com.snapchat.android,2020-06-02T11:49:25Z,20955234,2020-06-03T09:31:28Z
17392,com.snapchat.android,2020-06-02T11:49:25Z,21401129,2020-06-03T09:39:00Z
17392,com.snapchat.android,2020-06-02T11:49:25Z,21553223,2020-06-03T09:45:04Z
17392,com.snapchat.android,2020-06-02T11:49:25Z,21657515,2020-06-03T09:50:17Z
17392,com.snapchat.android,2020-06-02T11:49:25Z,21853339,2020-06-03T09:54:33Z
17392,com.snapchat.android,2020-06-02T11:49:25Z,22010106,2020-06-03T10:00:02Z
17392,com.snapchat.android,2020-06-02T11:49:25Z,22209351,2020-06-03T10:04:16Z
17392,com.snapchat.android,2020-06-02T11:49:25Z,22217235,2020-06-03T10:05:58Z
17392,com.snapchat.android,2020-06-02T11:49:25Z,22260680,2020-06-03T10:12:43Z
17392,com.snapchat.android,2020-06-02T11:49:25Z,22308126,2020-06-03T10:19:33Z
17392,com.snapchat.android,2020-06-02T11:49:25Z,22322120,2020-06-03T10:22:15Z
17392,com.snapchat.android,2020-06-02T11:49:25Z,22384215,2020-06-03T10:30:03Z
17392,com.snapchat.android,2020-06-02T11:49:25Z,22535376,2020-06-03T10:34:50Z
17392,com.snapchat.android,2020-06-02T11:49:25Z,22660318,2020-06-03T10:40:06Z
17392,com.snapchat.android,2020-06-02T11:49:25Z,22777842,2020-06-03T10:45:01Z
17392,com.snapchat.android,2020-06-02T11:49:25Z,22880788,2020-06-03T10:47:50Z
17392,com.snapchat.android,2020-06-02T11:49:25Z,22907265,2020-06-03T10:55:13Z
17392,com.snapchat.android,2020-06-02T11:49:25Z,22994322,2020-06-03T10:59:33Z
17392,com.snapchat.android,2020-06-02T11:49:25Z,23049232,2020-06-03T11:04:47Z
17392,com.snapchat.android,2020-06-02T11:49:25Z,23171859,2020-06-03T11:09:32Z
17392,com.snapchat.android,2020-06-02T11:49:25Z,23313849,2020-06-03T11:14:04Z
17392,com.snapchat.android,2020-06-02T11:49:25Z,23348236,2020-06-03T11:18:23Z
17392,com.snapchat.android,2020-06-02T11:49:25Z,23372341,2020-06-03T11:28:52Z
17392,com.snapchat.android,2020-06-02T11:49:25Z,23382709,2020-06-03T11:34:03Z
17392,com.snapchat.android,2020-06-02T11:49:25Z,23406919,2020-06-03T11:39:39Z
17392,com.snapchat.android,2020-06-02T11:49:25Z,23539867,2020-06-03T11:44:18Z
17392,com.snapchat.android,2020-06-02T11:49:25Z,23771150,2020-06-03T11:49:25Z
17392,com.snapchat.android,2020-06-03T11:49:27Z,14481991,2020-06-04T09:09:26Z
17392,com.snapchat.android,2020-06-03T11:49:27Z,14526683,2020-06-04T09:15:14Z
17392,com.snapchat.android,2020-06-03T11:49:27Z,14596885,2020-06-04T09:20:11Z
17392,com.snapchat.android,2020-06-03T11:49:27Z,14706156,2020-06-04T09:23:03Z
17392,com.snapchat.android,2020-06-03T11:49:27Z,14706156,2020-06-04T09:34:12Z
17392,com.snapchat.android,2020-06-03T11:49:27Z,14851972,2020-06-04T09:38:25Z
17392,com.snapchat.android,2020-06-03T11:49:27Z,14918920,2020-06-04T09:44:35Z
17392,com.snapchat.android,2020-06-03T11:49:27Z,14961355,2020-06-04T09:55:03Z
17392,com.snapchat.android,2020-06-03T11:49:27Z,15191776,2020-06-04T09:59:36Z
17392,com.snapchat.android,2020-06-03T11:49:27Z,15400661,2020-06-04T10:04:25Z
17392,com.snapchat.android,2020-06-03T11:49:27Z,15536351,2020-06-04T10:09:22Z
17392,com.snapchat.android,2020-06-03T11:49:27Z,15661816,2020-06-04T10:11:36Z
17392,com.snapchat.android,2020-06-03T11:49:27Z,16116027,2020-06-04T10:19:49Z
17392,com.snapchat.android,2020-06-03T11:49:27Z,16190750,2020-06-04T10:24:12Z
17392,com.snapchat.android,2020-06-03T11:49:27Z,16475144,2020-06-04T10:29:42Z
17392,com.snapchat.android,2020-06-03T11:49:27Z,16721055,2020-06-04T10:34:26Z
17392,com.snapchat.android,2020-06-03T11:49:27Z,16955050,2020-06-04T10:39:22Z
17392,com.snapchat.android,2020-06-03T11:49:27Z,17155472,2020-06-04T10:44:34Z
17392,com.snapchat.android,2020-06-03T11:49:27Z,17642222,2020-06-04T10:55:03Z
17392,com.snapchat.android,2020-06-03T11:49:27Z,17677532,2020-06-04T10:59:48Z
17392,com.snapchat.android,2020-06-03T11:49:27Z,17742358,2020-06-04T11:03:56Z
17392,com.snapchat.android,2020-06-03T11:49:27Z,18027671,2020-06-04T11:08:42Z
17392,com.snapchat.android,2020-06-03T11:49:24Z,18446572,2020-06-04T11:18:25Z
17392,com.snapchat.android,2020-06-03T11:49:24Z,18468142,2020-06-04T11:22:40Z
17392,com.snapchat.android,2020-06-03T11:49:24Z,18575195,2020-06-04T11:29:47Z
17392,com.snapchat.android,2020-06-03T11:49:24Z,18587618,2020-06-04T11:32:26Z
17392,com.snapchat.android,2020-06-03T11:49:24Z,18711649,2020-06-04T11:48:49Z
17392,com.snapchat.android,2020-06-07T11:52:35Z,14928753,2020-06-07T22:53:01Z
17392,com.snapchat.android,2020-06-07T11:52:35Z,16129399,2020-06-07T23:13:02Z
17392,com.snapchat.android,2020-06-07T11:52:35Z,16350082,2020-06-07T23:18:27Z
17392,com.snapchat.android,2020-06-07T11:52:35Z,16590918,2020-06-07T23:24:39Z
17392,com.snapchat.android,2020-06-07T11:52:32Z,16851218,2020-06-07T23:30:50Z
17392,com.snapchat.android,2020-06-07T11:52:32Z,16992249,2020-06-07T23:33:14Z
17392,com.snapchat.android,2020-06-07T11:52:32Z,17023382,2020-06-07T23:39:10Z
17392,com.snapchat.android,2020-06-07T11:52:32Z,17091075,2020-06-08T06:04:08Z
17392,com.snapchat.android,2020-06-07T11:52:32Z,17151751,2020-06-08T06:22:46Z
17392,com.snapchat.android,2020-06-07T11:52:32Z,17201209,2020-06-08T06:29:40Z
17392,com.snapchat.android,2020-06-07T11:52:32Z,17215215,2020-06-08T06:44:57Z
17392,com.snapchat.android,2020-06-07T11:52:32Z,17240957,2020-06-08T06:51:31Z
17392,com.snapchat.android,2020-06-07T11:52:32Z,17251121,2020-06-08T07:06:39Z
17392,com.snapchat.android,2020-06-07T11:52:32Z,17305053,2020-06-08T07:16:41Z
17392,com.snapchat.android,2020-06-07T11:52:32Z,17319316,2020-06-08T07:30:13Z
17392,com.snapchat.android,2020-06-07T11:52:32Z,17359631,2020-06-08T07:35:47Z
17392,com.snapchat.android,2020-06-07T11:52:32Z,17425831,2020-06-08T07:41:54Z
17392,com.snapchat.android,2020-06-07T11:52:32Z,17471995,2020-06-08T07:45:55Z
17392,com.snapchat.android,2020-06-07T11:52:32Z,17560613,2020-06-08T08:01:51Z
17392,com.snapchat.android,2020-06-07T11:52:32Z,17648680,2020-06-08T08:06:44Z
17392,com.snapchat.android,2020-06-07T11:52:32Z,17712795,2020-06-08T08:11:06Z
17392,com.snapchat.android,2020-06-07T11:52:32Z,17975138,2020-06-08T08:16:12Z
17392,com.snapchat.android,2020-06-07T11:52:32Z,18150325,2020-06-08T08:19:39Z
17392,com.snapchat.android,2020-06-07T11:52:32Z,18381368,2020-06-08T08:24:25Z
17392,com.snapchat.android,2020-06-07T11:52:32Z,18420283,2020-06-08T08:31:42Z
17392,com.snapchat.android,2020-06-07T11:52:32Z,18461700,2020-06-08T08:33:51Z
17392,com.snapchat.android,2020-06-07T11:52:32Z,18588844,2020-06-08T08:45:00Z
17392,com.snapchat.android,2020-06-07T11:52:32Z,18841943,2020-06-08T08:52:02Z
17392,com.snapchat.android,2020-06-07T11:52:32Z,18897380,2020-06-08T08:55:35Z
17392,com.snapchat.android,2020-06-07T11:52:32Z,18945802,2020-06-08T09:01:54Z
17392,com.snapchat.android,2020-06-07T11:52:32Z,18999741,2020-06-08T09:05:40Z
17392,com.snapchat.android,2020-06-07T11:52:32Z,19150368,2020-06-08T09:11:59Z
17392,com.snapchat.android,2020-06-07T11:52:32Z,19282531,2020-06-08T09:17:00Z
17392,com.snapchat.android,2020-06-07T11:52:32Z,19344406,2020-06-08T09:21:54Z
17392,com.snapchat.android,2020-06-07T11:52:32Z,19385240,2020-06-08T09:25:30Z
17392,com.snapchat.android,2020-06-07T11:52:32Z,19392699,2020-06-08T09:32:52Z
17392,com.snapchat.android,2020-06-07T11:52:32Z,19451745,2020-06-08T09:47:01Z
17392,com.snapchat.android,2020-06-07T11:52:32Z,19483483,2020-06-08T09:47:32Z
17392,com.snapchat.android,2020-06-07T11:52:32Z,19608344,2020-06-08T10:01:38Z
17392,com.snapchat.android,2020-06-07T11:52:32Z,19667920,2020-06-08T10:05:47Z
17392,com.snapchat.android,2020-06-07T11:52:32Z,19759649,2020-06-08T10:11:50Z
17392,com.snapchat.android,2020-06-07T11:52:32Z,19983956,2020-06-08T10:17:01Z
17392,com.snapchat.android,2020-06-07T11:52:32Z,19983956,2020-06-08T10:17:56Z
17392,com.snapchat.android,2020-06-07T11:52:32Z,20355962,2020-06-08T10:24:58Z
17392,com.snapchat.android,2020-06-07T11:52:32Z,20527183,2020-06-08T10:30:01Z
17392,com.snapchat.android,2020-06-07T11:52:32Z,20527183,2020-06-08T10:41:39Z
17392,com.snapchat.android,2020-06-07T11:52:32Z,20562826,2020-06-08T10:46:43Z
17392,com.snapchat.android,2020-06-07T11:52:32Z,20729954,2020-06-08T10:51:35Z
17392,com.snapchat.android,2020-06-07T11:52:32Z,20757310,2020-06-08T10:53:02Z
17392,com.snapchat.android,2020-06-07T11:52:32Z,20757310,2020-06-08T11:04:22Z
17392,com.snapchat.android,2020-06-07T11:52:32Z,21120704,2020-06-08T11:11:36Z
17392,com.snapchat.android,2020-06-07T11:52:32Z,21165846,2020-06-08T11:12:21Z
17392,com.snapchat.android,2020-06-07T11:52:29Z,21262923,2020-06-08T11:30:52Z
17392,com.snapchat.android,2020-06-07T11:52:29Z,21325187,2020-06-08T11:34:45Z
17392,com.snapchat.android,2020-06-07T11:52:29Z,21363957,2020-06-08T11:38:13Z
17392,com.snapchat.android,2020-06-09T11:52:56Z,14556897,2020-06-10T09:36:47Z
17392,com.snapchat.android,2020-06-09T11:52:56Z,14595380,2020-06-10T09:41:53Z
17392,com.snapchat.android,2020-06-09T11:52:56Z,14606990,2020-06-10T09:44:34Z
17392,com.snapchat.android,2020-06-09T11:52:56Z,14685286,2020-06-10T09:56:57Z
17392,com.snapchat.android,2020-06-09T11:52:56Z,14799348,2020-06-10T10:01:44Z
17392,com.snapchat.android,2020-06-09T11:52:56Z,14907168,2020-06-10T10:06:24Z
17392,com.snapchat.android,2020-06-09T11:52:56Z,14939450,2020-06-10T10:10:11Z
17392,com.snapchat.android,2020-06-09T11:52:56Z,14954283,2020-06-10T10:13:38Z
17392,com.snapchat.android,2020-06-09T11:52:56Z,14989118,2020-06-10T10:21:36Z
17392,com.snapchat.android,2020-06-09T11:52:56Z,14991251,2020-06-10T10:22:29Z
17392,com.snapchat.android,2020-06-09T11:52:56Z,15064710,2020-06-10T10:31:40Z
17392,com.snapchat.android,2020-06-09T11:52:56Z,15153709,2020-06-10T10:33:39Z
17392,com.snapchat.android,2020-06-09T11:52:56Z,15200643,2020-06-10T10:38:44Z
17392,com.snapchat.android,2020-06-09T11:52:56Z,15205584,2020-06-10T10:46:31Z
17392,com.snapchat.android,2020-06-09T11:52:56Z,15261217,2020-06-10T10:51:46Z
17392,com.snapchat.android,2020-06-09T11:52:54Z,15261217,2020-06-10T10:51:43Z
17392,com.snapchat.android,2020-06-10T11:54:06Z,14591635,2020-06-10T21:15:35Z
17392,com.snapchat.android,2020-06-10T11:54:06Z,14871021,2020-06-10T21:20:48Z
17392,com.snapchat.android,2020-06-10T11:54:06Z,15470520,2020-06-10T21:31:49Z
17392,com.snapchat.android,2020-06-10T11:54:06Z,15490788,2020-06-10T21:33:36Z
17392,com.snapchat.android,2020-06-10T11:54:06Z,15910208,2020-06-10T21:41:28Z
17392,com.snapchat.android,2020-06-10T11:54:06Z,17111988,2020-06-10T22:01:30Z
17392,com.snapchat.android,2020-06-10T11:54:06Z,18314289,2020-06-10T22:21:32Z
17392,com.snapchat.android,2020-06-10T11:54:06Z,19515603,2020-06-10T22:41:33Z
17392,com.snapchat.android,2020-06-10T11:54:06Z,20719727,2020-06-10T23:01:37Z
17392,com.snapchat.android,2020-06-10T11:54:06Z,21112079,2020-06-10T23:08:14Z
17392,com.snapchat.android,2020-06-10T11:54:06Z,21917547,2020-06-10T23:21:39Z
17392,com.snapchat.android,2020-06-10T11:54:06Z,23117864,2020-06-10T23:41:39Z
17392,com.snapchat.android,2020-06-10T11:54:06Z,23398225,2020-06-10T23:46:40Z
17392,com.snapchat.android,2020-06-10T11:54:06Z,23454203,2020-06-10T23:49:45Z
17392,com.snapchat.android,2020-06-10T11:54:06Z,23906789,2020-06-10T23:57:17Z
17392,com.snapchat.android,2020-06-10T11:54:04Z,23906789,2020-06-10T23:57:15Z
17392,com.snapchat.android,2020-06-10T11:54:04Z,24035362,2020-06-11T06:18:43Z
17392,com.snapchat.android,2020-06-10T11:54:04Z,24068326,2020-06-11T06:34:25Z
17392,com.snapchat.android,2020-06-10T11:54:04Z,24166491,2020-06-11T06:36:04Z
17392,com.snapchat.android,2020-06-10T11:54:04Z,24262978,2020-06-11T06:53:40Z
17392,com.snapchat.android,2020-06-10T11:54:04Z,24679255,2020-06-11T07:03:23Z
17392,com.snapchat.android,2020-06-10T11:54:04Z,24929703,2020-06-11T07:09:33Z
17392,com.snapchat.android,2020-06-10T11:54:04Z,24973968,2020-06-11T07:13:30Z
17392,com.snapchat.android,2020-06-10T11:54:04Z,25524738,2020-06-11T07:23:55Z
17392,com.snapchat.android,2020-06-10T11:54:04Z,25844854,2020-06-11T07:29:29Z
17392,com.snapchat.android,2020-06-10T11:54:04Z,26056690,2020-06-11T07:35:04Z
17392,com.snapchat.android,2020-06-10T11:54:04Z,26056690,2020-06-11T07:36:36Z
17392,com.snapchat.android,2020-06-10T11:54:04Z,26763689,2020-06-11T07:48:42Z
17392,com.snapchat.android,2020-06-10T11:54:04Z,26977376,2020-06-11T07:52:36Z
17392,com.snapchat.android,2020-06-10T11:54:04Z,27252193,2020-06-11T07:57:14Z
17392,com.snapchat.android,2020-06-10T11:54:04Z,27599859,2020-06-11T08:04:18Z
17392,com.snapchat.android,2020-06-10T11:54:04Z,27869368,2020-06-11T08:11:27Z
17392,com.snapchat.android,2020-06-10T11:54:04Z,27897429,2020-06-11T08:15:42Z
17392,com.snapchat.android,2020-06-10T11:54:04Z,28059039,2020-06-11T08:20:59Z
17392,com.snapchat.android,2020-06-10T11:54:04Z,28655447,2020-06-11T08:30:55Z
17392,com.snapchat.android,2020-06-10T11:54:04Z,28948459,2020-06-11T08:36:32Z
17392,com.snapchat.android,2020-06-10T11:54:04Z,29172931,2020-06-11T08:40:58Z
17392,com.snapchat.android,2020-06-10T11:54:04Z,29379365,2020-06-11T08:46:48Z
17392,com.snapchat.android,2020-06-10T11:54:04Z,29675454,2020-06-11T08:51:50Z
17392,com.snapchat.android,2020-06-10T11:54:04Z,29820251,2020-06-11T08:54:48Z
17392,com.snapchat.android,2020-06-10T11:54:04Z,30349079,2020-06-11T09:03:42Z
17392,com.snapchat.android,2020-06-10T11:54:04Z,30827587,2020-06-11T09:11:40Z
17392,com.snapchat.android,2020-06-10T11:54:04Z,30827587,2020-06-11T09:12:31Z
17392,com.snapchat.android,2020-06-10T11:54:01Z,31220666,2020-06-11T09:20:54Z
17392,com.snapchat.android,2020-06-10T11:54:01Z,31404388,2020-06-11T09:24:34Z
17392,com.snapchat.android,2020-06-10T11:54:01Z,31566595,2020-06-11T09:31:24Z
17392,com.snapchat.android,2020-06-10T11:54:01Z,31686734,2020-06-11T09:34:05Z
17392,com.snapchat.android,2020-06-10T11:54:01Z,31929297,2020-06-11T09:38:31Z
17392,com.snapchat.android,2020-06-10T11:54:01Z,32148397,2020-06-11T09:43:04Z
17392,com.snapchat.android,2020-06-10T11:54:01Z,32592142,2020-06-11T09:50:51Z
17392,com.snapchat.android,2020-06-10T11:54:01Z,32720148,2020-06-11T09:55:50Z
17392,com.snapchat.android,2020-06-10T11:54:01Z,33420007,2020-06-11T10:08:06Z
17392,com.snapchat.android,2020-06-10T11:54:01Z,33856010,2020-06-11T10:16:39Z
17392,com.snapchat.android,2020-06-10T11:54:01Z,33951519,2020-06-11T10:18:42Z
17392,com.snapchat.android,2020-06-10T11:54:01Z,34556578,2020-06-11T10:28:55Z
17392,com.snapchat.android,2020-06-10T11:54:01Z,34848592,2020-06-11T10:33:47Z
17392,com.snapchat.android,2020-06-10T11:54:01Z,35536058,2020-06-11T10:46:13Z
17392,com.snapchat.android,2020-06-10T11:54:01Z,35608577,2020-06-11T10:49:22Z
17392,com.snapchat.android,2020-06-10T11:54:01Z,35791298,2020-06-11T10:55:39Z
17392,com.snapchat.android,2020-06-10T11:54:01Z,35897993,2020-06-11T11:01:20Z
17392,com.snapchat.android,2020-06-10T11:54:01Z,35931606,2020-06-11T11:06:07Z
17392,com.snapchat.android,2020-06-10T11:54:01Z,35992538,2020-06-11T11:10:47Z
17392,com.snapchat.android,2020-06-10T11:54:01Z,36018765,2020-06-11T11:16:49Z
17392,com.snapchat.android,2020-06-10T11:54:01Z,36072380,2020-06-11T11:20:06Z
17392,com.snapchat.android,2020-06-10T11:54:01Z,36083117,2020-06-11T11:24:29Z
17392,com.snapchat.android,2020-06-10T11:54:01Z,36112117,2020-06-11T11:39:36Z
17392,com.snapchat.android,2020-06-10T11:54:01Z,36112117,2020-06-11T11:49:58Z
17392,com.snapchat.android,2020-06-10T11:54:01Z,36355924,2020-06-11T11:54:01Z
17392,com.snapchat.android,2020-06-10T11:53:59Z,36355924,2020-06-11T11:53:59Z
17392,com.snapchat.android,2020-06-12T11:54:12Z,14603906,2020-06-12T23:40:52Z
17392,com.snapchat.android,2020-06-12T11:54:12Z,14719396,2020-06-12T23:44:05Z
17392,com.snapchat.android,2020-06-12T11:54:12Z,14960275,2020-06-12T23:49:25Z
17392,com.snapchat.android,2020-06-12T11:54:12Z,15303320,2020-06-12T23:55:09Z
17392,com.snapchat.android,2020-06-12T11:54:12Z,15363398,2020-06-13T03:40:15Z
17392,com.snapchat.android,2020-06-12T11:54:12Z,15384627,2020-06-13T03:56:07Z
17392,com.snapchat.android,2020-06-12T11:54:12Z,15390138,2020-06-13T04:05:30Z
17392,com.snapchat.android,2020-06-12T11:54:09Z,15390138,2020-06-13T04:05:28Z
17392,com.snapchat.android,2020-06-12T11:54:09Z,15390138,2020-06-13T07:55:45Z
17392,com.snapchat.android,2020-06-12T11:54:09Z,15468745,2020-06-13T07:57:04Z
17392,com.snapchat.android,2020-06-12T11:54:09Z,15479870,2020-06-13T08:05:08Z
17392,com.snapchat.android,2020-06-12T11:54:09Z,15550849,2020-06-13T10:04:28Z
17392,com.snapchat.android,2020-06-12T11:54:09Z,15552893,2020-06-13T10:07:16Z
17392,com.snapchat.android,2020-06-12T11:54:09Z,15552893,2020-06-13T10:15:15Z
17392,com.snapchat.android,2020-06-12T11:54:09Z,15649175,2020-06-13T10:16:51Z
17392,com.snapchat.android,2020-06-12T11:54:09Z,15733265,2020-06-13T10:26:39Z
17392,com.snapchat.android,2020-06-12T11:54:09Z,15753327,2020-06-13T10:27:50Z
17392,com.snapchat.android,2020-06-12T11:54:09Z,15784002,2020-06-13T10:44:09Z
17392,com.snapchat.android,2020-06-12T11:54:09Z,15880908,2020-06-13T10:50:43Z
17392,com.snapchat.android,2020-06-12T11:54:09Z,16068688,2020-06-13T10:55:23Z
17392,com.snapchat.android,2020-06-12T11:54:07Z,16068688,2020-06-13T10:55:21Z
17392,com.snapchat.android,2020-06-12T11:54:04Z,16068688,2020-06-13T10:55:18Z
17392,com.snapchat.android,2020-06-14T11:54:55Z,14587179,2020-06-15T02:03:22Z
17392,com.snapchat.android,2020-06-14T11:54:55Z,14593786,2020-06-15T02:13:46Z
17392,com.snapchat.android,2020-06-14T11:54:55Z,14857144,2020-06-15T02:19:33Z
17392,com.snapchat.android,2020-06-14T11:54:55Z,14983300,2020-06-15T02:24:41Z
17392,com.snapchat.android,2020-06-14T11:54:55Z,15169533,2020-06-15T02:27:47Z
17392,com.snapchat.android,2020-06-14T11:54:55Z,15266640,2020-06-15T07:02:22Z
17392,com.snapchat.android,2020-06-14T11:54:55Z,15472932,2020-06-15T07:09:39Z
17392,com.snapchat.android,2020-06-14T11:54:55Z,15574403,2020-06-15T07:14:46Z
17392,com.snapchat.android,2020-06-14T11:54:55Z,15600950,2020-06-15T07:18:54Z
17392,com.snapchat.android,2020-06-14T11:54:55Z,15857018,2020-06-15T07:24:48Z
17392,com.snapchat.android,2020-06-14T11:54:55Z,15907109,2020-06-15T07:29:00Z
17392,com.snapchat.android,2020-06-14T11:54:55Z,16079213,2020-06-15T07:34:18Z
17392,com.snapchat.android,2020-06-14T11:54:55Z,16268801,2020-06-15T07:39:31Z
17392,com.snapchat.android,2020-06-14T11:54:55Z,16318930,2020-06-15T07:44:48Z
17392,com.snapchat.android,2020-06-14T11:54:55Z,16447277,2020-06-15T07:47:50Z
17392,com.snapchat.android,2020-06-14T11:54:55Z,16525354,2020-06-15T07:54:27Z
17392,com.snapchat.android,2020-06-14T11:54:55Z,16597647,2020-06-15T07:56:26Z
17392,com.snapchat.android,2020-06-14T11:54:55Z,16685877,2020-06-15T08:01:29Z
17392,com.snapchat.android,2020-06-14T11:54:55Z,16787004,2020-06-15T08:08:35Z
17392,com.snapchat.android,2020-06-14T11:54:55Z,17004181,2020-06-15T08:12:12Z
17392,com.snapchat.android,2020-06-14T11:54:55Z,17059546,2020-06-15T08:17:32Z
17392,com.snapchat.android,2020-06-14T11:54:55Z,17445444,2020-06-15T08:23:58Z
17392,com.snapchat.android,2020-06-14T11:54:55Z,17513206,2020-06-15T08:29:08Z
17392,com.snapchat.android,2020-06-14T11:54:55Z,17556032,2020-06-15T08:33:14Z
17392,com.snapchat.android,2020-06-14T11:54:55Z,17581391,2020-06-15T08:37:51Z
17392,com.snapchat.android,2020-06-14T11:54:55Z,17611025,2020-06-15T08:42:09Z
17392,com.snapchat.android,2020-06-14T11:54:55Z,17641880,2020-06-15T08:49:38Z
17392,com.snapchat.android,2020-06-14T11:54:55Z,17678013,2020-06-15T08:57:58Z
17392,com.snapchat.android,2020-06-14T11:54:55Z,17695452,2020-06-15T09:00:34Z
17392,com.snapchat.android,2020-06-14T11:54:55Z,17751830,2020-06-15T09:09:05Z
17392,com.snapchat.android,2020-06-14T11:54:55Z,17763908,2020-06-15T09:14:45Z
17392,com.snapchat.android,2020-06-14T11:54:55Z,17782047,2020-06-15T09:15:03Z
17392,com.snapchat.android,2020-06-14T11:54:55Z,17782047,2020-06-15T09:24:53Z
17392,com.snapchat.android,2020-06-14T11:54:55Z,17816574,2020-06-15T09:25:28Z
17392,com.snapchat.android,2020-06-14T11:54:55Z,17816574,2020-06-15T09:39:39Z
17392,com.snapchat.android,2020-06-14T11:54:55Z,17845760,2020-06-15T09:40:08Z
17392,com.snapchat.android,2020-06-14T11:54:55Z,17845760,2020-06-15T10:03:09Z
17392,com.snapchat.android,2020-06-14T11:54:55Z,18001762,2020-06-15T10:05:59Z
17392,com.snapchat.android,2020-06-14T11:54:55Z,18054346,2020-06-15T10:14:10Z
17392,com.snapchat.android,2020-06-14T11:54:55Z,18067098,2020-06-15T10:17:46Z
17392,com.snapchat.android,2020-06-14T11:54:55Z,18129457,2020-06-15T10:23:45Z
17392,com.snapchat.android,2020-06-14T11:54:55Z,18251949,2020-06-15T10:34:16Z
17392,com.snapchat.android,2020-06-14T11:54:55Z,18289679,2020-06-15T10:38:36Z
17392,com.snapchat.android,2020-06-14T11:54:55Z,18622558,2020-06-15T10:44:28Z
17392,com.snapchat.android,2020-06-14T11:54:55Z,18697828,2020-06-15T10:49:23Z
17392,com.snapchat.android,2020-06-14T11:54:55Z,18829369,2020-06-15T10:54:42Z
17392,com.snapchat.android,2020-06-14T11:54:55Z,18985480,2020-06-15T10:59:45Z
17392,com.snapchat.android,2020-06-14T11:54:55Z,19028237,2020-06-15T11:00:29Z
17392,com.snapchat.android,2020-06-14T11:54:55Z,19056030,2020-06-15T11:08:43Z
17392,com.snapchat.android,2020-06-14T11:54:55Z,19077731,2020-06-15T11:13:44Z
17392,com.snapchat.android,2020-06-14T11:54:55Z,19123998,2020-06-15T11:22:20Z
17392,com.snapchat.android,2020-06-14T11:54:55Z,19175152,2020-06-15T11:29:46Z
17392,com.snapchat.android,2020-06-14T11:54:55Z,19316529,2020-06-15T11:34:27Z
17392,com.snapchat.android,2020-06-14T11:54:55Z,19358915,2020-06-15T11:35:10Z
17392,com.snapchat.android,2020-06-14T11:54:55Z,19394120,2020-06-15T11:42:15Z
17392,com.snapchat.android,2020-06-14T11:54:55Z,19394120,2020-06-15T11:49:36Z
17392,com.snapchat.android,2020-06-14T11:54:55Z,19415590,2020-06-15T11:49:58Z
17392,com.snapchat.android,2020-06-14T11:54:53Z,19415590,2020-06-15T11:49:55Z
17392,com.snapchat.android,2020-06-14T11:54:51Z,19415590,2020-06-15T11:49:53Z
17392,com.snapchat.android,2020-06-15T11:54:56Z,14459460,2020-06-16T08:29:12Z
17392,com.snapchat.android,2020-06-15T11:54:56Z,14535017,2020-06-16T08:33:52Z
17392,com.snapchat.android,2020-06-15T11:54:56Z,14630798,2020-06-16T08:37:30Z
17392,com.snapchat.android,2020-06-15T11:54:56Z,14933623,2020-06-16T08:43:56Z
17392,com.snapchat.android,2020-06-15T11:54:56Z,15067907,2020-06-16T08:48:27Z
17392,com.snapchat.android,2020-06-15T11:54:56Z,15184392,2020-06-16T08:52:41Z
17392,com.snapchat.android,2020-06-15T11:54:56Z,15573221,2020-06-16T08:59:38Z
17392,com.snapchat.android,2020-06-15T11:54:56Z,15589313,2020-06-16T09:03:52Z
17392,com.snapchat.android,2020-06-15T11:54:56Z,15695583,2020-06-16T09:05:38Z
17392,com.snapchat.android,2020-06-15T11:54:56Z,15707514,2020-06-16T09:10:09Z
17392,com.snapchat.android,2020-06-15T11:54:56Z,15753270,2020-06-16T09:17:59Z
17392,com.snapchat.android,2020-06-15T11:54:56Z,15923040,2020-06-16T09:23:06Z
17392,com.snapchat.android,2020-06-15T11:54:56Z,16074546,2020-06-16T09:25:59Z
17392,com.snapchat.android,2020-06-15T11:54:56Z,16512209,2020-06-16T09:34:50Z
17392,com.snapchat.android,2020-06-15T11:54:56Z,16671465,2020-06-16T09:38:56Z
17392,com.snapchat.android,2020-06-15T11:54:56Z,16813795,2020-06-16T09:44:20Z
17392,com.snapchat.android,2020-06-15T11:54:56Z,16934389,2020-06-16T09:47:40Z
17392,com.snapchat.android,2020-06-15T11:54:56Z,16974358,2020-06-16T10:02:39Z
17392,com.snapchat.android,2020-06-15T11:54:56Z,17038927,2020-06-16T10:14:38Z
17392,com.snapchat.android,2020-06-15T11:54:56Z,17067932,2020-06-16T10:31:00Z
17392,com.snapchat.android,2020-06-15T11:54:56Z,17102688,2020-06-16T10:40:56Z
17392,com.snapchat.android,2020-06-15T11:54:56Z,17196495,2020-06-16T10:49:44Z
17392,com.snapchat.android,2020-06-15T11:54:56Z,17261721,2020-06-16T10:52:01Z
17392,com.snapchat.android,2020-06-15T11:54:56Z,17273875,2020-06-16T11:05:35Z
17392,com.snapchat.android,2020-06-16T11:55:33Z,14403323,2020-06-17T09:07:51Z
17392,com.snapchat.android,2020-06-16T11:55:33Z,14509485,2020-06-17T09:14:26Z
17392,com.snapchat.android,2020-06-16T11:55:33Z,14537079,2020-06-17T09:18:52Z
17392,com.snapchat.android,2020-06-16T11:55:33Z,14611579,2020-06-17T09:22:00Z
17392,com.snapchat.android,2020-06-16T11:55:33Z,14699027,2020-06-17T09:29:37Z
17392,com.snapchat.android,2020-06-16T11:55:33Z,14746916,2020-06-17T09:33:21Z
17392,com.snapchat.android,2020-06-16T11:55:33Z,14965692,2020-06-17T09:39:46Z
17392,com.snapchat.android,2020-06-16T11:55:33Z,15118856,2020-06-17T09:44:31Z
17392,com.snapchat.android,2020-06-16T11:55:33Z,15153100,2020-06-17T09:47:27Z
17392,com.snapchat.android,2020-06-16T11:55:33Z,15269479,2020-06-17T09:54:45Z
17392,com.snapchat.android,2020-06-16T11:55:33Z,15378595,2020-06-17T09:58:21Z
17392,com.snapchat.android,2020-06-16T11:55:33Z,15454915,2020-06-17T10:03:52Z
17392,com.snapchat.android,2020-06-16T11:55:33Z,15534380,2020-06-17T10:09:42Z
17392,com.snapchat.android,2020-06-16T11:55:33Z,15559764,2020-06-17T10:11:44Z
17392,com.snapchat.android,2020-06-16T11:55:33Z,15559764,2020-06-17T10:15:07Z
17392,com.snapchat.android,2020-06-16T11:55:33Z,15928436,2020-06-17T10:24:46Z
17392,com.snapchat.android,2020-06-16T11:55:33Z,16002194,2020-06-17T10:29:22Z
17392,com.snapchat.android,2020-06-16T11:55:33Z,16080489,2020-06-17T10:34:23Z
17392,com.snapchat.android,2020-06-16T11:55:33Z,16244041,2020-06-17T10:39:19Z
17392,com.snapchat.android,2020-06-16T11:55:33Z,16407864,2020-06-17T10:44:39Z
17392,com.snapchat.android,2020-06-16T11:55:33Z,16617195,2020-06-17T10:48:15Z
17392,com.snapchat.android,2020-06-16T11:55:33Z,16641618,2020-06-17T10:53:46Z
17392,com.snapchat.android,2020-06-16T11:55:33Z,16736497,2020-06-17T10:59:19Z
17392,com.snapchat.android,2020-06-16T11:55:33Z,16780503,2020-06-17T11:04:27Z
17392,com.snapchat.android,2020-06-16T11:55:33Z,16808731,2020-06-17T11:04:55Z
17392,com.snapchat.android,2020-06-16T11:55:33Z,16808731,2020-06-17T11:14:00Z
17392,com.snapchat.android,2020-06-16T11:55:33Z,17039708,2020-06-17T11:18:27Z
17392,com.snapchat.android,2020-06-16T11:55:33Z,17485114,2020-06-17T11:29:31Z
17392,com.snapchat.android,2020-06-16T11:55:33Z,17540739,2020-06-17T11:31:45Z
17392,com.snapchat.android,2020-06-16T11:55:33Z,17559355,2020-06-17T11:37:54Z
17392,com.snapchat.android,2020-06-16T11:55:33Z,17608787,2020-06-17T11:43:57Z
17392,com.snapchat.android,2020-06-16T11:55:33Z,17789004,2020-06-17T11:49:32Z
17392,com.snapchat.android,2020-06-16T11:55:31Z,17895404,2020-06-17T11:54:41Z
17392,com.snapchat.android,2020-06-16T11:55:31Z,17944990,2020-06-17T11:55:31Z
17392,com.snapchat.android,2020-06-18T11:55:32Z,14451647,2020-06-19T08:24:07Z
17392,com.snapchat.android,2020-06-18T11:55:32Z,14551013,2020-06-19T08:34:38Z
17392,com.snapchat.android,2020-06-18T11:55:32Z,14584617,2020-06-19T08:36:37Z
17392,com.snapchat.android,2020-06-18T11:55:32Z,14614389,2020-06-19T08:57:49Z
17392,com.snapchat.android,2020-06-18T11:55:32Z,14652580,2020-06-19T09:03:28Z
17392,com.snapchat.android,2020-06-18T11:55:32Z,14748299,2020-06-19T09:34:18Z
17392,com.snapchat.android,2020-06-18T11:55:32Z,14756743,2020-06-19T09:52:58Z
17392,com.snapchat.android,2020-06-18T11:55:32Z,14878799,2020-06-19T09:59:12Z
17392,com.snapchat.android,2020-06-18T11:55:32Z,14932667,2020-06-19T10:02:51Z
17392,com.snapchat.android,2020-06-18T11:55:32Z,15217429,2020-06-19T10:08:19Z
17392,com.snapchat.android,2020-06-18T11:55:32Z,15235236,2020-06-19T10:13:19Z
17392,com.snapchat.android,2020-06-18T11:55:32Z,15327482,2020-06-19T10:39:24Z
17392,com.snapchat.android,2020-06-18T11:55:32Z,15410260,2020-06-19T10:43:28Z
17392,com.snapchat.android,2020-06-18T11:55:32Z,15484334,2020-06-19T10:46:44Z
17392,com.snapchat.android,2020-06-18T11:55:32Z,15511628,2020-06-19T11:01:51Z
17392,com.snapchat.android,2020-06-18T11:55:32Z,15533895,2020-06-19T11:22:13Z
17392,com.snapchat.android,2020-06-18T11:55:32Z,15558624,2020-06-19T11:33:52Z
17392,com.snapchat.android,2020-06-18T11:55:32Z,15575641,2020-06-19T11:40:33Z
17392,com.snapchat.android,2020-06-21T11:56:57Z,14407574,2020-06-21T19:54:25Z
17392,com.snapchat.android,2020-06-21T11:56:57Z,14459817,2020-06-21T19:56:04Z
17392,com.snapchat.android,2020-06-21T11:56:57Z,14739257,2020-06-21T20:02:21Z
17392,com.snapchat.android,2020-06-21T11:56:57Z,15092205,2020-06-21T20:08:40Z
17392,com.snapchat.android,2020-06-21T11:56:57Z,16296057,2020-06-21T20:28:44Z
17392,com.snapchat.android,2020-06-21T11:56:57Z,16532890,2020-06-21T20:34:05Z
17392,com.snapchat.android,2020-06-21T11:56:57Z,16606716,2020-06-21T20:37:49Z
17392,com.snapchat.android,2020-06-21T11:56:57Z,16827717,2020-06-21T20:44:17Z
17392,com.snapchat.android,2020-06-21T11:56:57Z,17074004,2020-06-21T20:49:10Z
17392,com.snapchat.android,2020-06-21T11:56:57Z,17380662,2020-06-21T20:54:16Z
17392,com.snapchat.android,2020-06-21T11:56:57Z,17514413,2020-06-21T20:58:18Z
17392,com.snapchat.android,2020-06-21T11:56:57Z,17879266,2020-06-21T21:04:23Z
17392,com.snapchat.android,2020-06-21T11:56:57Z,18097476,2020-06-21T21:09:11Z
17392,com.snapchat.android,2020-06-21T11:56:57Z,18569140,2020-06-21T21:17:32Z
17392,com.snapchat.android,2020-06-21T11:56:57Z,18857730,2020-06-21T21:22:43Z
17392,com.snapchat.android,2020-06-21T11:56:57Z,19062271,2020-06-21T21:28:20Z
17392,com.snapchat.android,2020-06-21T11:56:57Z,19083279,2020-06-21T21:34:18Z
17392,com.snapchat.android,2020-06-21T11:56:57Z,19115179,2020-06-21T21:39:25Z
17392,com.snapchat.android,2020-06-21T11:56:57Z,19233187,2020-06-21T21:43:59Z
17392,com.snapchat.android,2020-06-21T11:56:57Z,19328873,2020-06-21T21:49:34Z
17392,com.snapchat.android,2020-06-21T11:56:57Z,19465305,2020-06-21T21:54:30Z
17392,com.snapchat.android,2020-06-21T11:56:57Z,19537006,2020-06-21T21:58:17Z
17392,com.snapchat.android,2020-06-21T11:56:57Z,19675770,2020-06-21T22:03:57Z
17392,com.snapchat.android,2020-06-21T11:56:57Z,19731904,2020-06-21T22:07:24Z
17392,com.snapchat.android,2020-06-21T11:56:57Z,19822139,2020-06-21T22:14:03Z
17392,com.snapchat.android,2020-06-21T11:56:57Z,19838270,2020-06-21T22:15:05Z
17392,com.snapchat.android,2020-06-21T11:56:55Z,19899363,2020-06-21T22:23:21Z
17392,com.snapchat.android,2020-06-21T11:56:55Z,20269556,2020-06-21T22:29:31Z
17392,com.snapchat.android,2020-06-21T11:56:55Z,20407893,2020-06-21T22:32:29Z
17392,com.snapchat.android,2020-06-21T11:56:55Z,21321990,2020-06-21T22:49:07Z
17392,com.snapchat.android,2020-06-21T11:56:55Z,21453208,2020-06-21T22:51:54Z
17392,com.snapchat.android,2020-06-21T11:56:55Z,21609682,2020-06-21T22:57:23Z
17392,com.snapchat.android,2020-06-21T11:56:55Z,21913124,2020-06-21T23:03:30Z
17392,com.snapchat.android,2020-06-21T11:56:55Z,22143114,2020-06-21T23:08:31Z
17392,com.snapchat.android,2020-06-21T11:56:55Z,22331910,2020-06-21T23:13:10Z
17392,com.snapchat.android,2020-06-21T11:56:55Z,22913438,2020-06-21T23:22:57Z
17392,com.snapchat.android,2020-06-21T11:56:55Z,23252747,2020-06-21T23:28:41Z
17392,com.snapchat.android,2020-06-21T11:56:55Z,23448457,2020-06-21T23:32:14Z
17392,com.snapchat.android,2020-06-21T11:56:57Z,23448457,2020-06-21T23:32:16Z
17392,com.snapchat.android,2020-06-21T11:56:57Z,23448457,2020-06-22T05:28:09Z
17392,com.snapchat.android,2020-06-21T11:56:57Z,23538019,2020-06-22T05:29:38Z
17392,com.snapchat.android,2020-06-21T11:56:57Z,23559626,2020-06-22T05:39:08Z
17392,com.snapchat.android,2020-06-21T11:56:57Z,23562043,2020-06-22T05:40:07Z
17392,com.snapchat.android,2020-06-21T11:56:57Z,23689471,2020-06-22T06:14:30Z
17392,com.snapchat.android,2020-06-21T11:56:57Z,23792010,2020-06-22T06:19:34Z
17392,com.snapchat.android,2020-06-21T11:56:57Z,23810267,2020-06-22T06:19:53Z
17392,com.snapchat.android,2020-06-21T11:56:57Z,23810267,2020-06-22T06:25:56Z
17392,com.snapchat.android,2020-06-21T11:56:57Z,24459696,2020-06-22T06:38:50Z
17392,com.snapchat.android,2020-06-21T11:56:57Z,24507123,2020-06-22T06:44:11Z
17392,com.snapchat.android,2020-06-21T11:56:57Z,24536058,2020-06-22T06:49:32Z
17392,com.snapchat.android,2020-06-21T11:56:57Z,24734481,2020-06-22T06:54:27Z
17392,com.snapchat.android,2020-06-21T11:56:57Z,24811761,2020-06-22T06:57:57Z
17392,com.snapchat.android,2020-06-21T11:56:57Z,25125223,2020-06-22T07:03:55Z
17392,com.snapchat.android,2020-06-21T11:56:57Z,25356079,2020-06-22T07:08:42Z
17392,com.snapchat.android,2020-06-21T11:56:57Z,25381745,2020-06-22T07:14:20Z
17392,com.snapchat.android,2020-06-21T11:56:57Z,25438180,2020-06-22T07:17:00Z
17392,com.snapchat.android,2020-06-21T11:56:57Z,25536175,2020-06-22T07:22:57Z
17392,com.snapchat.android,2020-06-21T11:56:57Z,25553871,2020-06-22T07:26:33Z
17392,com.snapchat.android,2020-06-21T11:56:57Z,25610166,2020-06-22T07:32:24Z
17392,com.snapchat.android,2020-06-21T11:56:57Z,25631527,2020-06-22T07:36:24Z
17392,com.snapchat.android,2020-06-21T11:56:57Z,25771601,2020-06-22T07:44:26Z
17392,com.snapchat.android,2020-06-21T11:56:57Z,25901122,2020-06-22T07:48:06Z
17392,com.snapchat.android,2020-06-21T11:56:57Z,25987203,2020-06-22T07:53:48Z
17392,com.snapchat.android,2020-06-21T11:56:57Z,26166771,2020-06-22T07:59:27Z
17392,com.snapchat.android,2020-06-21T11:56:57Z,26208747,2020-06-22T08:04:31Z
17392,com.snapchat.android,2020-06-21T11:56:57Z,26321998,2020-06-22T08:09:17Z
17392,com.snapchat.android,2020-06-21T11:56:57Z,26336464,2020-06-22T08:19:30Z
17392,com.snapchat.android,2020-06-21T11:56:57Z,26497448,2020-06-22T08:24:05Z
17392,com.snapchat.android,2020-06-21T11:56:57Z,26734697,2020-06-22T08:29:02Z
17392,com.snapchat.android,2020-06-21T11:56:57Z,26756707,2020-06-22T08:33:54Z
17392,com.snapchat.android,2020-06-21T11:56:57Z,26756707,2020-06-22T08:35:03Z
17392,com.snapchat.android,2020-06-21T11:56:57Z,27243569,2020-06-22T08:44:32Z
17392,com.snapchat.android,2020-06-21T11:56:57Z,27361358,2020-06-22T08:46:37Z
17392,com.snapchat.android,2020-06-21T11:56:57Z,27575256,2020-06-22T08:50:37Z
17392,com.snapchat.android,2020-06-21T11:56:57Z,28006187,2020-06-22T08:59:35Z
17392,com.snapchat.android,2020-06-21T11:56:57Z,28209256,2020-06-22T09:03:53Z
17392,com.snapchat.android,2020-06-21T11:56:57Z,28255244,2020-06-22T09:06:01Z
17392,com.snapchat.android,2020-06-21T11:56:57Z,28637665,2020-06-22T09:12:45Z
17392,com.snapchat.android,2020-06-21T11:56:57Z,28840570,2020-06-22T09:18:57Z
17392,com.snapchat.android,2020-06-21T11:56:57Z,29058619,2020-06-22T09:23:32Z
17392,com.snapchat.android,2020-06-21T11:56:57Z,29115078,2020-06-22T09:27:03Z
17392,com.snapchat.android,2020-06-21T11:56:57Z,29466642,2020-06-22T09:33:20Z
17392,com.snapchat.android,2020-06-21T11:56:57Z,29624206,2020-06-22T09:37:51Z
17392,com.snapchat.android,2020-06-21T11:56:57Z,30065962,2020-06-22T09:45:13Z
17392,com.snapchat.android,2020-06-21T11:56:57Z,30605356,2020-06-22T09:54:26Z
17392,com.snapchat.android,2020-06-21T11:56:57Z,30740347,2020-06-22T09:58:52Z
17392,com.snapchat.android,2020-06-21T11:56:57Z,30765238,2020-06-22T10:01:30Z
17392,com.snapchat.android,2020-06-21T11:56:57Z,31165303,2020-06-22T10:09:30Z
17392,com.snapchat.android,2020-06-21T11:56:57Z,31207604,2020-06-22T10:11:22Z
17392,com.snapchat.android,2020-06-21T11:56:57Z,32142654,2020-06-22T10:26:57Z
17392,com.snapchat.android,2020-06-21T11:56:57Z,32571079,2020-06-22T10:34:05Z
17392,com.snapchat.android,2020-06-21T11:56:57Z,32650724,2020-06-22T10:38:47Z
17392,com.snapchat.android,2020-06-21T11:56:57Z,32787117,2020-06-22T10:44:03Z
17392,com.snapchat.android,2020-06-21T11:56:57Z,33106009,2020-06-22T10:49:25Z
17392,com.snapchat.android,2020-06-21T11:56:57Z,33239537,2020-06-22T10:54:25Z
17392,com.snapchat.android,2020-06-21T11:56:57Z,33346037,2020-06-22T10:59:22Z
17392,com.snapchat.android,2020-06-21T11:56:57Z,33573994,2020-06-22T11:03:54Z
17392,com.snapchat.android,2020-06-21T11:56:57Z,33683594,2020-06-22T11:09:14Z
17392,com.snapchat.android,2020-06-21T11:56:57Z,33871108,2020-06-22T11:14:17Z
17392,com.snapchat.android,2020-06-21T11:56:57Z,33930512,2020-06-22T11:16:28Z
17392,com.snapchat.android,2020-06-21T11:56:57Z,34321147,2020-06-22T11:24:32Z
17392,com.snapchat.android,2020-06-21T11:56:57Z,34548497,2020-06-22T11:29:26Z
17392,com.snapchat.android,2020-06-21T11:56:57Z,34674981,2020-06-22T11:32:16Z
17392,com.snapchat.android,2020-06-21T11:56:57Z,34958692,2020-06-22T11:37:29Z
17392,com.snapchat.android,2020-06-21T11:56:57Z,35305337,2020-06-22T11:43:30Z
17392,com.snapchat.android,2020-06-21T11:56:57Z,35507713,2020-06-22T11:49:24Z
17392,com.snapchat.android,2020-06-21T11:56:57Z,35580494,2020-06-22T11:54:29Z
17392,com.snapchat.android,2020-06-21T11:56:57Z,35612860,2020-06-22T11:55:46Z
17392,com.snapchat.android,2020-06-21T11:56:54Z,35612860,2020-06-22T11:55:44Z
17318,com.ironhidegames.android.kingdomrushorigins,2020-06-17T01:53:12Z,29271081,2020-06-18T01:53:12Z
17318,com.ironhidegames.android.kingdomrushorigins,2020-06-18T02:53:03Z,86399999,2020-06-19T02:53:03Z
17318,com.ironhidegames.android.kingdomrushorigins,2020-06-19T03:00:04Z,86399999,2020-06-20T03:00:04Z
